urn,school_name,postcode,lea_code,county,academic_year,total_pupils,att8_score,district_name
138758,Acle Academy,NR133ER,926,Norfolk,2021-2022,523,47.9,Broadland
135066,Acorn Park School,NR162HU,926,Norfolk,2021-2022,94,7.1,Breckland
145089,Alderman Peel High School,NR231RB,926,Norfolk,2021-2022,559,41.7,North Norfolk
121250,All Saints School,NR120DJ,926,Norfolk,2021-2022,73,17.1,North Norfolk
146059,Archbishop Sancroft High School (A Church of England Academy),IP209DD,926,Norfolk,2021-2022,494,47.3,South Norfolk
140534,Attleborough Academy,NR172AJ,926,Norfolk,2021-2022,849,47.3,Breckland
121229,Aurora Eccles School,NR152NZ,926,Norfolk,2021-2022,153,4.3,South Norfolk
121164,Aylsham High School,NR116AN,926,Norfolk,2021-2022,1099,52.4,Broadland
146063,Broadland High Ormiston Academy,NR128QN,926,Norfolk,2021-2022,730,52.5,North Norfolk
141331,Caister Academy,NR305LS,926,Norfolk,2021-2022,698,46.4,Great Yarmouth
135904,City Academy Norwich,NR47LP,926,Norfolk,2021-2022,682,35.4,Norwich
141269,"City of Norwich School, An Ormiston Academy",NR46PP,926,Norfolk,2021-2022,1751,48.6,Norwich
140364,Cliff Park Ormiston Academy,NR316TA,926,Norfolk,2021-2022,829,38.4,Great Yarmouth
137431,Cromer Academy,NR270EX,926,Norfolk,2021-2022,670,52.4,North Norfolk
144316,Dereham Neatherd High School,NR203AX,926,Norfolk,2021-2022,1165,52.8,Breckland
137092,Diss High School,IP224DH,926,Norfolk,2021-2022,919,48.3,South Norfolk
145196,Downham Market Academy,PE389LL,926,Norfolk,2021-2022,1119,46.9,King's Lynn and West Norfolk
139572,Fakenham Academy,NR219QT,926,Norfolk,2021-2022,794,41.9,North Norfolk
145501,Flegg High Ormiston Academy,NR294QD,926,Norfolk,2021-2022,805,49.9,Great Yarmouth
145776,Framingham Earl High School,NR147QP,926,Norfolk,2021-2022,801,56.4,South Norfolk
135859,Future Education,NR58EG,926,Norfolk,2021-2022,34,4,Norwich
142883,Great Yarmouth Charter Academy,NR304LS,926,Norfolk,2021-2022,846,44.9,Great Yarmouth
121222,Gresham's School,NR256EA,926,Norfolk,2021-2022,914,37,North Norfolk
138039,Hellesdon High School,NR65SB,926,Norfolk,2021-2022,1568,42.5,Broadland
140188,Hethersett Academy,NR93DB,926,Norfolk,2021-2022,1052,59.3,South Norfolk
142059,Hewett Academy,NR12PL,926,Norfolk,2021-2022,289,34.6,Norwich
139311,Hobart High School,NR146JU,926,Norfolk,2021-2022,642,46.8,South Norfolk
139058,Iceni Academy,IP264PE,926,Norfolk,2021-2022,736,40.6,King's Lynn and West Norfolk
134440,Include School Norfolk,NR66HE,926,Norfolk,2021-2022,90,3.6,Norwich
140815,Jane Austen College,NR31DD,926,Norfolk,2021-2022,1055,49.9,Norwich
148826,King Edward VII Academy,PE302QB,926,Norfolk,2021-2022,1139,39.3,King's Lynn and West Norfolk
136202,King's Lynn Academy,PE304QG,926,Norfolk,2021-2022,906,39.6,King's Lynn and West Norfolk
121224,Langley School,NR146BJ,926,Norfolk,2021-2022,418,44,South Norfolk
146237,Litcham School,PE322NS,926,Norfolk,2021-2022,770,52.4,Breckland
144018,Long Stratton High School,NR152XR,926,Norfolk,2021-2022,636,55.2,South Norfolk
137541,Lynn Grove Academy,NR318AP,926,Norfolk,2021-2022,1169,49.7,Great Yarmouth
142396,Marshland High School,PE147HA,926,Norfolk,2021-2022,835,47.2,King's Lynn and West Norfolk
138918,The Nicholas Hamond Academy,PE377DZ,926,Norfolk,2021-2022,652,41.9,Breckland
147505,North Walsham High School,NR289HZ,926,Norfolk,2021-2022,562,51.1,North Norfolk
141268,Northgate High School,NR192EU,926,Norfolk,2021-2022,1115,44.9,Breckland
121241,Norwich High School for Girls,NR22HU,926,Norfolk,2021-2022,595,24.3,Norwich
121242,Norwich School,NR14DD,926,Norfolk,2021-2022,1144,12.9,Norwich
137913,"Notre Dame High School, Norwich",NR13PB,926,Norfolk,2021-2022,1528,61,Norwich
146144,Old Buckenham High School,NR171RL,926,Norfolk,2021-2022,500,47.5,Breckland
134455,OneSchool Global UK - Swaffham Campus,PE377XD,926,Norfolk,2021-2022,132,57.9,Breckland
135650,The Open Academy,NR79DL,926,Norfolk,2021-2022,588,42,Norwich
136187,Ormiston Venture Academy,NR317JJ,926,Norfolk,2021-2022,907,50,Great Yarmouth
136186,Ormiston Victory Academy,NR50PX,926,Norfolk,2021-2022,1266,46.4,South Norfolk
135250,Red Balloon - Norwich,NR23DF,926,Norfolk,2021-2022,27,26.9,Norwich
138829,Reepham High School and College,NR104JT,926,Norfolk,2021-2022,1069,46.1,Broadland
140557,St Clement's High School,PE344LZ,926,Norfolk,2021-2022,664,46.6,King's Lynn and West Norfolk
142058,Sewell Park Academy,NR34BX,926,Norfolk,2021-2022,651,40,Norwich
121246,Sheridan House School,IP265LQ,926,Norfolk,2021-2022,68,4,King's Lynn and West Norfolk
137621,Sheringham High School,NR268ND,926,Norfolk,2021-2022,702,48.5,North Norfolk
143520,Smithdon High School,PE365HY,926,Norfolk,2021-2022,609,41.1,King's Lynn and West Norfolk
136515,Springwood High School,PE304AW,926,Norfolk,2021-2022,1890,47,King's Lynn and West Norfolk
144359,Sprowston Community Academy,NR78NE,926,Norfolk,2021-2022,1519,43.5,Broadland
141395,Stalham High School,NR129DG,926,Norfolk,2021-2022,444,44.4,North Norfolk
139487,Taverham High School,NR86HP,926,Norfolk,2021-2022,1156,48.6,Broadland
136204,The Thetford Academy,IP241LH,926,Norfolk,2021-2022,1161,44.4,Breckland
121245,Thetford Grammar School,IP243AF,926,Norfolk,2021-2022,211,47.4,Breckland
143278,Thorpe St Andrew School and Sixth Form,NR70XS,926,Norfolk,2021-2022,1909,51.1,Broadland
141086,University Technical College Norfolk,NR46FF,926,Norfolk,2021-2022,385,41.8,Norwich
137949,Wayland Academy,IP256BA,926,Norfolk,2021-2022,540,49.9,Breckland
138138,Westfield House School,PE344EX,926,Norfolk,2021-2022,42,6,King's Lynn and West Norfolk
144769,The Wherry School,NR12GB,926,Norfolk,2021-2022,106,16,Norwich
136481,Wymondham College,NR189SZ,926,Norfolk,2021-2022,1426,58.3,South Norfolk
137461,Wymondham High Academy,NR180QT,926,Norfolk,2021-2022,1682,54.9,South Norfolk
138758,Acle Academy,NR133ER,926,Norfolk,2022-2023,578,45,Broadland
135066,Acorn Park School,NR162HU,926,Norfolk,2022-2023,111,8.3,Breckland
145089,Alderman Peel High School,NR231RB,926,Norfolk,2022-2023,582,39.8,North Norfolk
121250,All Saints School,NR120DJ,926,Norfolk,2022-2023,72,18.1,North Norfolk
140534,Attleborough Academy,NR172AJ,926,Norfolk,2022-2023,884,45.9,Breckland
121229,Aurora Eccles School,NR152NZ,926,Norfolk,2022-2023,176,4.3,South Norfolk
121164,Aylsham High School,NR116AN,926,Norfolk,2022-2023,1145,52.3,Broadland
146063,Broadland High Ormiston Academy,NR128QN,926,Norfolk,2022-2023,745,49,North Norfolk
141331,Caister Academy,NR305LS,926,Norfolk,2022-2023,694,42.6,Great Yarmouth
135904,City Academy Norwich,NR47LP,926,Norfolk,2022-2023,699,34,Norwich
141269,"City of Norwich School, An Ormiston Academy",NR46PP,926,Norfolk,2022-2023,1763,50.6,Norwich
140364,Cliff Park Ormiston Academy,NR316TA,926,Norfolk,2022-2023,844,36.8,Great Yarmouth
137431,Cromer Academy,NR270EX,926,Norfolk,2022-2023,692,48.4,North Norfolk
144316,Dereham Neatherd High School,NR203AX,926,Norfolk,2022-2023,1189,47.6,Breckland
137092,Diss High School,IP224DH,926,Norfolk,2022-2023,948,45.4,South Norfolk
145196,Downham Market Academy,PE389LL,926,Norfolk,2022-2023,1209,40.5,King's Lynn and West Norfolk
139099,Eaton Hall Specialist Academy,NR47BU,926,Norfolk,2022-2023,52,7.4,Norwich
139572,Fakenham Academy,NR219QT,926,Norfolk,2022-2023,777,38.2,North Norfolk
145501,Flegg High Ormiston Academy,NR294QD,926,Norfolk,2022-2023,785,45,Great Yarmouth
145776,Framingham Earl High School,NR147QP,926,Norfolk,2022-2023,789,51.4,South Norfolk
135859,Future Education,NR58EG,926,Norfolk,2022-2023,38,5.8,Norwich
142883,Great Yarmouth Charter Academy,NR304LS,926,Norfolk,2022-2023,894,40.7,Great Yarmouth
121222,Gresham's School,NR256EA,926,Norfolk,2022-2023,927,34,North Norfolk
149197,The Harleston Sancroft Academy (a 3-16 Church of England School),IP209DD,926,Norfolk,2022-2023,924,43.7,South Norfolk
138039,Hellesdon High School,NR65SB,926,Norfolk,2022-2023,1577,40.3,Broadland
140188,Hethersett Academy,NR93DB,926,Norfolk,2022-2023,1108,54.2,South Norfolk
142059,Hewett Academy,NR12PL,926,Norfolk,2022-2023,317,41.8,Norwich
139311,Hobart High School,NR146JU,926,Norfolk,2022-2023,658,49.1,South Norfolk
139058,Iceni Academy,IP264PE,926,Norfolk,2022-2023,781,38.9,King's Lynn and West Norfolk
134440,Include School Norfolk,NR66HE,926,Norfolk,2022-2023,83,3.6,Norwich
140815,Jane Austen College,NR31DD,926,Norfolk,2022-2023,1066,48.3,Norwich
148826,King Edward VII Academy,PE302QB,926,Norfolk,2022-2023,1194,40.9,King's Lynn and West Norfolk
136202,King's Lynn Academy,PE304QG,926,Norfolk,2022-2023,945,36.2,King's Lynn and West Norfolk
121224,Langley School,NR146BJ,926,Norfolk,2022-2023,414,42,South Norfolk
146237,Litcham School,PE322NS,926,Norfolk,2022-2023,764,45.6,Breckland
144018,Long Stratton High School,NR152XR,926,Norfolk,2022-2023,682,46.9,South Norfolk
137541,Lynn Grove Academy,NR318AP,926,Norfolk,2022-2023,1190,47.7,Great Yarmouth
142396,Marshland High School,PE147HA,926,Norfolk,2022-2023,806,45.2,King's Lynn and West Norfolk
138918,The Nicholas Hamond Academy,PE377DZ,926,Norfolk,2022-2023,668,35.7,Breckland
147505,North Walsham High School,NR289HZ,926,Norfolk,2022-2023,578,47.7,North Norfolk
141268,Northgate High School,NR192EU,926,Norfolk,2022-2023,1129,42.6,Breckland
121241,Norwich High School for Girls,NR22HU,926,Norfolk,2022-2023,561,23,Norwich
121242,Norwich School,NR14DD,926,Norfolk,2022-2023,1200,12,Norwich
137913,"Notre Dame High School, Norwich",NR13PB,926,Norfolk,2022-2023,1582,57.7,Norwich
146144,Old Buckenham High School,NR171RL,926,Norfolk,2022-2023,504,43.3,Breckland
134455,OneSchool Global UK - Swaffham Campus,PE377XD,926,Norfolk,2022-2023,103,68.8,Breckland
135650,The Open Academy,NR79DL,926,Norfolk,2022-2023,601,35.3,Norwich
136187,Ormiston Venture Academy,NR317JJ,926,Norfolk,2022-2023,887,43.6,Great Yarmouth
136186,Ormiston Victory Academy,NR50PX,926,Norfolk,2022-2023,1330,48,South Norfolk
138829,Reepham High School and College,NR104JT,926,Norfolk,2022-2023,1027,43,Broadland
121252,St Andrew's School,NR118QA,926,Norfolk,2022-2023,45,8.3,North Norfolk
140557,St Clement's High School,PE344LZ,926,Norfolk,2022-2023,668,42.1,King's Lynn and West Norfolk
142058,Sewell Park Academy,NR34BX,926,Norfolk,2022-2023,716,37.3,Norwich
121246,Sheridan House School,IP265LQ,926,Norfolk,2022-2023,66,1,King's Lynn and West Norfolk
137621,Sheringham High School,NR268ND,926,Norfolk,2022-2023,737,44.5,North Norfolk
143520,Smithdon High School,PE365HY,926,Norfolk,2022-2023,612,43.1,King's Lynn and West Norfolk
136515,Springwood High School,PE304AW,926,Norfolk,2022-2023,1880,44.1,King's Lynn and West Norfolk
144359,Sprowston Community Academy,NR78NE,926,Norfolk,2022-2023,1579,41.8,Broadland
141395,Stalham High School,NR129DG,926,Norfolk,2022-2023,458,42.9,North Norfolk
139487,Taverham High School,NR86HP,926,Norfolk,2022-2023,1204,49.8,Broadland
136204,The Thetford Academy,IP241LH,926,Norfolk,2022-2023,1258,42,Breckland
121245,Thetford Grammar School,IP243AF,926,Norfolk,2022-2023,208,49.2,Breckland
143278,Thorpe St Andrew School and Sixth Form,NR70XS,926,Norfolk,2022-2023,1839,52.4,Broadland
141086,University Technical College Norfolk,NR46FF,926,Norfolk,2022-2023,414,47.5,Norwich
137949,Wayland Academy,IP256BA,926,Norfolk,2022-2023,576,44.7,Breckland
138138,Westfield House School,PE344EX,926,Norfolk,2022-2023,42,7.2,King's Lynn and West Norfolk
144769,The Wherry School,NR12GB,926,Norfolk,2022-2023,110,14.9,Norwich
136481,Wymondham College,NR189SZ,926,Norfolk,2022-2023,1424,53.9,South Norfolk
137461,Wymondham High Academy,NR180QT,926,Norfolk,2022-2023,1641,52.3,South Norfolk
138758,Acle Academy,NR133ER,926,Norfolk,2023-2024,619,44.2,Broadland
135066,Acorn Park School,NR162HU,926,Norfolk,2023-2024,128,19.5,Breckland
145089,Alderman Peel High School,NR231RB,926,Norfolk,2023-2024,596,42,North Norfolk
121250,All Saints School,NR120DJ,926,Norfolk,2023-2024,73,18.4,North Norfolk
140534,Attleborough Academy,NR172AJ,926,Norfolk,2023-2024,932,46.2,Breckland
121229,Aurora Eccles School,NR162NZ,926,Norfolk,2023-2024,202,3.8,Breckland
121164,Aylsham High School,NR116AN,926,Norfolk,2023-2024,1118,49,Broadland
146063,Broadland High Ormiston Academy,NR128QN,926,Norfolk,2023-2024,761,51.9,North Norfolk
141331,Caister Academy,NR305LS,926,Norfolk,2023-2024,679,47.3,Great Yarmouth
135904,City Academy Norwich,NR47LP,926,Norfolk,2023-2024,699,32.2,Norwich
141269,"City of Norwich School, An Ormiston Academy",NR46PP,926,Norfolk,2023-2024,1735,48.6,Norwich
140364,Cliff Park Ormiston Academy,NR316TA,926,Norfolk,2023-2024,832,34.5,Great Yarmouth
137431,Cromer Academy,NR270EX,926,Norfolk,2023-2024,667,47,North Norfolk
144316,Dereham Neatherd High School,NR203AX,926,Norfolk,2023-2024,1162,42.4,Breckland
137092,Diss High School,IP224DH,926,Norfolk,2023-2024,941,44.3,South Norfolk
145196,Downham Market Academy,PE389LL,926,Norfolk,2023-2024,1291,43.3,King's Lynn and West Norfolk
148859,Duke of Lancaster School,NR219DQ,926,Norfolk,2023-2024,97,7.5,North Norfolk
139572,Fakenham Academy,NR219QT,926,Norfolk,2023-2024,767,38.4,North Norfolk
145501,Flegg High Ormiston Academy,NR294QD,926,Norfolk,2023-2024,764,39.6,Great Yarmouth
145776,Framingham Earl High School,NR147QP,926,Norfolk,2023-2024,798,51.6,South Norfolk
135859,Future Education,NR58EG,926,Norfolk,2023-2024,43,1.2,Norwich
142883,Great Yarmouth Charter Academy,NR304LS,926,Norfolk,2023-2024,941,41.7,Great Yarmouth
121222,Gresham's School,NR256EA,926,Norfolk,2023-2024,909,33.3,North Norfolk
149197,The Harleston Sancroft Academy (a 3-16 Church of England School),IP209DD,926,Norfolk,2023-2024,874,47.3,South Norfolk
138039,Hellesdon High School,NR65SB,926,Norfolk,2023-2024,1581,39.5,Broadland
140188,Hethersett Academy,NR93DB,926,Norfolk,2023-2024,1174,58.2,South Norfolk
142059,Hewett Academy,NR12PL,926,Norfolk,2023-2024,422,46.8,Norwich
139311,Hobart High School,NR146JU,926,Norfolk,2023-2024,674,46.1,South Norfolk
139058,Iceni Secondary Academy,IP264PE,926,Norfolk,2023-2024,748,34.7,King's Lynn and West Norfolk
134440,Include School Norfolk,NR66HE,926,Norfolk,2023-2024,77,3.6,Norwich
140815,Jane Austen College,NR31DD,926,Norfolk,2023-2024,1062,49,Norwich
148826,King Edward VII Academy,PE302QB,926,Norfolk,2023-2024,1227,39.5,King's Lynn and West Norfolk
136202,King's Lynn Academy,PE304QG,926,Norfolk,2023-2024,961,38.9,King's Lynn and West Norfolk
121224,Langley School,NR146BJ,926,Norfolk,2023-2024,427,47.5,South Norfolk
146237,Litcham School,PE322NS,926,Norfolk,2023-2024,761,43.2,Breckland
144018,Long Stratton High School,NR152XR,926,Norfolk,2023-2024,694,50.2,South Norfolk
137541,Lynn Grove Academy,NR318AP,926,Norfolk,2023-2024,1155,45.9,Great Yarmouth
142396,Marshland High School,PE147HA,926,Norfolk,2023-2024,824,41.8,King's Lynn and West Norfolk
138918,The Nicholas Hamond Academy,PE377DZ,926,Norfolk,2023-2024,687,35.5,Breckland
147505,North Walsham High School,NR289HZ,926,Norfolk,2023-2024,617,48.4,North Norfolk
141268,Northgate High School,NR192EU,926,Norfolk,2023-2024,1160,38.9,Breckland
121241,Norwich High School for Girls,NR22HU,926,Norfolk,2023-2024,585,36.4,Norwich
121242,Norwich School,NR14DD,926,Norfolk,2023-2024,1194,13.2,Norwich
137913,"Notre Dame High School, Norwich",NR13PB,926,Norfolk,2023-2024,1597,57.5,Norwich
146144,Old Buckenham High School,NR171RL,926,Norfolk,2023-2024,492,44.3,Breckland
134455,OneSchool Global UK - Swaffham Campus,PE377XD,926,Norfolk,2023-2024,97,59,Breckland
135650,The Open Academy,NR79DL,926,Norfolk,2023-2024,578,34.9,Norwich
136187,Ormiston Venture Academy,NR317JJ,926,Norfolk,2023-2024,887,47.6,Great Yarmouth
136186,Ormiston Victory Academy,NR50PX,926,Norfolk,2023-2024,1414,44.5,South Norfolk
135250,Red Balloon - Norwich,NR32PW,926,Norfolk,2023-2024,33,16,Norwich
138829,Reepham High School and College,NR104JT,926,Norfolk,2023-2024,1060,45,Broadland
140557,St Clement's High School,PE344LZ,926,Norfolk,2023-2024,701,41.2,King's Lynn and West Norfolk
142058,Sewell Park Academy,NR34BX,926,Norfolk,2023-2024,778,38,Norwich
121246,Sheridan House School,IP265LQ,926,Norfolk,2023-2024,55,4.7,King's Lynn and West Norfolk
137621,Sheringham High School,NR268ND,926,Norfolk,2023-2024,703,44.2,North Norfolk
143520,Smithdon High School,PE365HY,926,Norfolk,2023-2024,581,39.9,King's Lynn and West Norfolk
136515,Springwood High School,PE304AW,926,Norfolk,2023-2024,1892,46.7,King's Lynn and West Norfolk
144359,Sprowston Community Academy,NR78NE,926,Norfolk,2023-2024,1655,41.7,Broadland
141395,Stalham High School,NR129DG,926,Norfolk,2023-2024,482,43.7,North Norfolk
139487,Taverham High School,NR86HP,926,Norfolk,2023-2024,1256,47.9,Broadland
136204,The Thetford Academy,IP241LH,926,Norfolk,2023-2024,1305,38.9,Breckland
121245,Thetford Grammar School,IP243AF,926,Norfolk,2023-2024,201,35.4,Breckland
143278,Thorpe St Andrew School and Sixth Form,NR70XS,926,Norfolk,2023-2024,1804,49.4,Broadland
141086,University Technical College Norfolk,NR46FF,926,Norfolk,2023-2024,434,47.1,Norwich
137949,Wayland Academy,IP256BA,926,Norfolk,2023-2024,569,45.3,Breckland
138138,Westfield House School,PE344EX,926,Norfolk,2023-2024,42,8,King's Lynn and West Norfolk
144769,The Wherry School,NR12GB,926,Norfolk,2023-2024,117,42.7,Norwich
136481,Wymondham College,NR189SZ,926,Norfolk,2023-2024,1434,55.5,South Norfolk
137461,Wymondham High Academy,NR180QT,926,Norfolk,2023-2024,1602,54.4,South Norfolk
138758,Acle Academy,NR133ER,926,Norfolk,2024-2025,685,46.9,Broadland
135066,Acorn Park School,NR162HU,926,Norfolk,2024-2025,151,18.9,Breckland
145089,Alderman Peel High School,NR231RB,926,Norfolk,2024-2025,604,45.4,North Norfolk
121250,All Saints School,NR120DJ,926,Norfolk,2024-2025,74,21.1,North Norfolk
140534,Attleborough Academy,NR172AJ,926,Norfolk,2024-2025,920,41.4,Breckland
121229,Aurora Eccles School,NR162NZ,926,Norfolk,2024-2025,211,6.5,Breckland
121164,Aylsham High School,NR116AN,926,Norfolk,2024-2025,1108,45,Broadland
146063,Broadland High Ormiston Academy,NR128QN,926,Norfolk,2024-2025,757,46.8,North Norfolk
141331,Caister Academy,NR305LS,926,Norfolk,2024-2025,635,49.4,Great Yarmouth
135904,City Academy Norwich,NR47LP,926,Norfolk,2024-2025,682,35.2,Norwich
141269,"City of Norwich School, An Ormiston Academy",NR46PP,926,Norfolk,2024-2025,1708,50.4,Norwich
140364,Cliff Park Ormiston Academy,NR316TA,926,Norfolk,2024-2025,808,35.9,Great Yarmouth
137431,Cromer Academy,NR270EX,926,Norfolk,2024-2025,650,48.1,North Norfolk
144316,Dereham Neatherd High School,NR203AX,926,Norfolk,2024-2025,1139,47.4,Breckland
137092,Diss High School,IP224DH,926,Norfolk,2024-2025,918,46.6,South Norfolk
145196,Downham Market Academy,PE389LL,926,Norfolk,2024-2025,1333,43.8,King's Lynn and West Norfolk
148859,Duke of Lancaster School,NR219DQ,926,Norfolk,2024-2025,100,7.1,North Norfolk
139572,Fakenham Academy,NR219QT,926,Norfolk,2024-2025,743,40.9,North Norfolk
150265,Fen Rivers Academy,PE302HU,926,Norfolk,2024-2025,82,9.5,King's Lynn and West Norfolk
145501,Flegg High Ormiston Academy,NR294QD,926,Norfolk,2024-2025,685,42,Great Yarmouth
145776,Framingham Earl High School,NR147QP,926,Norfolk,2024-2025,802,50.6,South Norfolk
135859,Future Education,NR58EG,926,Norfolk,2024-2025,40,0.8,Norwich
142883,Great Yarmouth Charter Academy,NR304LS,926,Norfolk,2024-2025,895,38.6,Great Yarmouth
121222,Gresham's School,NR256EA,926,Norfolk,2024-2025,894,41.6,North Norfolk
149197,The Harleston Sancroft Academy (a 3-16 Church of England School),IP209DD,926,Norfolk,2024-2025,837,42.7,South Norfolk
138039,Hellesdon High School,NR65SB,926,Norfolk,2024-2025,1523,40.3,Broadland
140188,Hethersett Academy,NR93DB,926,Norfolk,2024-2025,1209,59,South Norfolk
142059,Hewett Academy,NR12PL,926,Norfolk,2024-2025,488,46.5,Norwich
139311,Hobart High School,NR146JU,926,Norfolk,2024-2025,697,46.1,South Norfolk
139058,Iceni Secondary Academy,IP264PE,926,Norfolk,2024-2025,582,39,King's Lynn and West Norfolk
134440,Include School Norfolk,NR66HE,926,Norfolk,2024-2025,96,2.8,Norwich
140815,Jane Austen College,NR31DD,926,Norfolk,2024-2025,1101,53.7,Norwich
148826,King Edward VII Academy,PE302QB,926,Norfolk,2024-2025,1181,44.4,King's Lynn and West Norfolk
136202,King's Lynn Academy,PE304QG,926,Norfolk,2024-2025,952,39.1,King's Lynn and West Norfolk
121224,Langley School,NR146BJ,926,Norfolk,2024-2025,415,38.2,South Norfolk
146237,Litcham School,PE322NS,926,Norfolk,2024-2025,744,41.4,Breckland
144018,Long Stratton High School,NR152XR,926,Norfolk,2024-2025,715,50.8,South Norfolk
137541,Lynn Grove Academy,NR318AP,926,Norfolk,2024-2025,1109,44.2,Great Yarmouth
142396,Marshland High School,PE147HA,926,Norfolk,2024-2025,808,45.5,King's Lynn and West Norfolk
138918,The Nicholas Hamond Academy,PE377DZ,926,Norfolk,2024-2025,683,38.4,Breckland
147505,North Walsham High School,NR289HZ,926,Norfolk,2024-2025,619,45.8,North Norfolk
141268,Northgate High School,NR192EU,926,Norfolk,2024-2025,1187,41,Breckland
121241,Norwich High School for Girls GDST,NR22HU,926,Norfolk,2024-2025,563,36.7,Norwich
121242,Norwich School,NR14DD,926,Norfolk,2024-2025,1170,12.1,Norwich
137913,"Notre Dame High School, Norwich",NR13PB,926,Norfolk,2024-2025,1572,61.3,Norwich
146144,Old Buckenham High School,NR171RL,926,Norfolk,2024-2025,497,37.8,Breckland
134455,OneSchool Global UK - Swaffham Campus,PE377XD,926,Norfolk,2024-2025,84,50.1,Breckland
135650,The Open Academy,NR79DL,926,Norfolk,2024-2025,560,36.7,Norwich
136187,Ormiston Venture Academy,NR317JJ,926,Norfolk,2024-2025,902,47.3,Great Yarmouth
136186,Ormiston Victory Academy,NR50PX,926,Norfolk,2024-2025,1477,45.3,South Norfolk
135250,Red Balloon - Norwich,NR32PW,926,Norfolk,2024-2025,37,16.5,Norwich
138829,Reepham High School and College,NR104JT,926,Norfolk,2024-2025,1015,45.5,Broadland
121252,St Andrew's School,NR118QA,926,Norfolk,2024-2025,53,5.4,North Norfolk
140557,St Clement's High School,PE344LZ,926,Norfolk,2024-2025,709,45.3,King's Lynn and West Norfolk
142058,Sewell Park Academy,NR34BX,926,Norfolk,2024-2025,789,39.1,Norwich
121246,Sheridan House School,IP265LQ,926,Norfolk,2024-2025,66,5.6,King's Lynn and West Norfolk
137621,Sheringham High School,NR268ND,926,Norfolk,2024-2025,688,47.1,North Norfolk
143520,Smithdon High School,PE365HY,926,Norfolk,2024-2025,564,40.3,King's Lynn and West Norfolk
136515,Springwood High School,PE304AW,926,Norfolk,2024-2025,1957,46.9,King's Lynn and West Norfolk
144359,Sprowston Community Academy,NR78NE,926,Norfolk,2024-2025,1739,45,Broadland
141395,Stalham High School,NR129DG,926,Norfolk,2024-2025,484,39.5,North Norfolk
139487,Taverham High School,NR86HP,926,Norfolk,2024-2025,1241,49,Broadland
136204,The Thetford Academy,IP241LH,926,Norfolk,2024-2025,1361,42.4,Breckland
121245,Thetford Grammar School,IP243AF,926,Norfolk,2024-2025,202,35.4,Breckland
143278,Thorpe St Andrew School and Sixth Form,NR70XS,926,Norfolk,2024-2025,1834,49.2,Broadland
141086,University Technical College Norfolk,NR46FF,926,Norfolk,2024-2025,421,49.8,Norwich
137949,Wayland Academy,IP256BA,926,Norfolk,2024-2025,548,52,Breckland
138138,Westfield House School,PE344EX,926,Norfolk,2024-2025,59,7.7,King's Lynn and West Norfolk
144769,The Wherry School,NR12GB,926,Norfolk,2024-2025,130,26.1,Norwich
136481,Wymondham College,NR189SZ,926,Norfolk,2024-2025,1441,56.4,South Norfolk
137461,Wymondham High Academy,NR180QT,926,Norfolk,2024-2025,1639,52.6,South Norfolk
141236,Alde Valley Academy,IP164BG,935,Suffolk,2021-2022,546,44.9,East Suffolk
137459,The Ashley School,NR324EU,935,Suffolk,2021-2022,150,1.1,East Suffolk
142759,Benjamin Britten Academy of Music and Mathematics,NR324PZ,935,Suffolk,2021-2022,1216,48.7,East Suffolk
124879,Bramfield House School,IP199AB,935,Suffolk,2021-2022,94,9.2,East Suffolk
138250,Breckland School,IP270PE,935,Suffolk,2021-2022,549,44.6,West Suffolk
124893,Brookes UK,IP286QJ,935,Suffolk,2021-2022,119,5.3,West Suffolk
136998,Bungay High School,NR351RW,935,Suffolk,2021-2022,947,47.1,East Suffolk
136990,Bury St Edmunds County High School,IP326RF,935,Suffolk,2021-2022,810,49.9,West Suffolk
138162,Castle Manor Academy,CB99JE,935,Suffolk,2021-2022,712,41.6,West Suffolk
124890,Centre Academy East Anglia,IP77QR,935,Suffolk,2021-2022,61,26.3,Babergh
138373,Chantry Academy,IP29LR,935,Suffolk,2021-2022,885,37.4,Ipswich
139732,Churchill Special Free School,CB90LB,935,Suffolk,2021-2022,68,31.5,West Suffolk
144214,Claydon High School,IP60EG,935,Suffolk,2021-2022,770,50,Mid Suffolk
136827,Copleston High School,IP45HD,935,Suffolk,2021-2022,1839,53.7,Ipswich
124886,Culford School,IP44SN,935,Suffolk,2021-2022,834,29.9,Ipswich
136416,Debenham High School,IP146BL,935,Suffolk,2021-2022,677,55.9,Mid Suffolk
137218,East Bergholt High School,CO76RJ,935,Suffolk,2021-2022,919,48.2,Babergh
137134,East Point Academy,NR330UQ,935,Suffolk,2021-2022,843,43,East Suffolk
144765,The Everitt Academy,NR338AX,935,Suffolk,2021-2022,44,1.1,East Suffolk
136834,Farlingaye High School,IP124JX,935,Suffolk,2021-2022,1929,50.8,East Suffolk
124899,Felixstowe International College,IP117NA,935,Suffolk,2021-2022,30,7.3,East Suffolk
137321,Felixstowe School,IP119QR,935,Suffolk,2021-2022,1228,44.5,East Suffolk
124892,Finborough School,IP143EF,935,Suffolk,2021-2022,594,38.8,Mid Suffolk
124884,Framlingham College,IP139EY,935,Suffolk,2021-2022,623,43.8,East Suffolk
130855,Gable End,IP77NL,935,Suffolk,2021-2022,10,8,Babergh
136918,Hadleigh High School,IP75HU,935,Suffolk,2021-2022,758,47.8,Babergh
136271,Hartismere School,IP237BL,935,Suffolk,2021-2022,1034,56.8,Mid Suffolk
137208,Holbrook Academy,IP92QX,935,Suffolk,2021-2022,575,44.4,Babergh
136453,Ipswich Academy,IP30SP,935,Suffolk,2021-2022,951,44.1,Ipswich
124888,Ipswich High School,IP91AZ,935,Suffolk,2021-2022,465,46.6,Babergh
124881,Ipswich School,IP13SG,935,Suffolk,2021-2022,1120,37.2,Ipswich
136969,Kesgrave High School,IP52PB,935,Suffolk,2021-2022,1884,52.8,East Suffolk
124856,King Edward VI Church of England Voluntary Controlled Upper School,IP333BH,935,Suffolk,2021-2022,1193,49.7,West Suffolk
139867,Mildenhall College Academy,IP287JX,935,Suffolk,2021-2022,1264,42.1,West Suffolk
146332,New Skill Centre,IP39QR,935,Suffolk,2021-2022,21,14.5,Ipswich
140669,Newmarket Academy,CB80EB,935,Suffolk,2021-2022,799,43.5,West Suffolk
124840,Northgate High School,IP43DL,935,Suffolk,2021-2022,1778,50.7,Ipswich
127003,On Track Education Centre (Mildenhall),IP287RD,935,Suffolk,2021-2022,26,7,West Suffolk
134480,OneSchool Global UK Colchester Campus,CO64RW,935,Suffolk,2021-2022,155,60.7,Babergh
139403,Ormiston Denes Academy,NR324AH,935,Suffolk,2021-2022,769,43.3,East Suffolk
137674,Ormiston Endeavour Academy,IP16SG,935,Suffolk,2021-2022,499,42.7,Ipswich
138506,Ormiston Sudbury Academy,CO101NW,935,Suffolk,2021-2022,667,40.1,Babergh
146909,Pakefield High School,NR337AQ,935,Suffolk,2021-2022,691,40.1,East Suffolk
137433,Priory School,IP327BH,935,Suffolk,2021-2022,199,0,West Suffolk
124889,Royal Hospital School,IP92RX,935,Suffolk,2021-2022,725,58.8,Babergh
143911,The Ryes College,CO105NA,935,Suffolk,2021-2022,14,4.3,Babergh
137849,St Alban's Catholic High School,IP43NJ,935,Suffolk,2021-2022,962,51.1,Ipswich
124861,St Benedict's Catholic School,IP326RH,935,Suffolk,2021-2022,949,52.3,West Suffolk
124868,Saint Felix School,IP186SD,935,Suffolk,2021-2022,297,56.1,East Suffolk
124883,St Joseph's College,IP29DR,935,Suffolk,2021-2022,575,50.6,Ipswich
136322,Samuel Ward Academy,CB90LD,935,Suffolk,2021-2022,1221,49.2,West Suffolk
138274,Set Beccles School,NR347BQ,935,Suffolk,2021-2022,270,38.9,East Suffolk
140047,Set Ixworth School,IP312HS,935,Suffolk,2021-2022,436,42.5,West Suffolk
138273,Set Saxmundham School,IP171DZ,935,Suffolk,2021-2022,258,36.9,East Suffolk
137055,Sir John Leman High School,NR349PG,935,Suffolk,2021-2022,1433,48.8,East Suffolk
124865,Stoke College,CO108JE,935,Suffolk,2021-2022,136,29.4,West Suffolk
140032,Stoke High School - Ormiston Academy,IP28PL,935,Suffolk,2021-2022,699,38.2,Ipswich
141407,Stone Lodge Academy,IP29HW,935,Suffolk,2021-2022,168,0.4,Ipswich
136757,Stour Valley Community School,CO108PJ,935,Suffolk,2021-2022,582,52.2,West Suffolk
145055,Stowmarket High School,IP141QR,935,Suffolk,2021-2022,823,44.4,Mid Suffolk
143362,Stowupland High School,IP144BQ,935,Suffolk,2021-2022,1013,46.3,Mid Suffolk
137901,Stradbroke High School,IP215JN,935,Suffolk,2021-2022,339,55,Mid Suffolk
124870,Summerhill School,IP164HY,935,Suffolk,2021-2022,53,18.2,East Suffolk
140969,Sybil Andrews Academy,IP327QB,935,Suffolk,2021-2022,675,54.4,West Suffolk
141639,Thomas Gainsborough School,CO100NH,935,Suffolk,2021-2022,1582,49.1,Babergh
136782,Thomas Mills High School,IP139HE,935,Suffolk,2021-2022,1157,49.7,East Suffolk
124802,Thurston Community College,IP313PB,935,Suffolk,2021-2022,1578,48,Mid Suffolk
139288,Westbourne Academy,IP15JN,935,Suffolk,2021-2022,1021,45.3,Ipswich
148058,Wetheringsett Manor School,IP145QX,935,Suffolk,2021-2022,29,11,Mid Suffolk
124887,Woodbridge School,IP124JH,935,Suffolk,2021-2022,725,39.6,East Suffolk
141236,Alde Valley Academy,IP164BG,935,Suffolk,2022-2023,586,35.9,East Suffolk
137459,The Ashley School,NR324EU,935,Suffolk,2022-2023,158,0.7,East Suffolk
142759,Benjamin Britten Academy of Music and Mathematics,NR324PZ,935,Suffolk,2022-2023,1250,43.2,East Suffolk
124879,Bramfield House School,IP199AB,935,Suffolk,2022-2023,112,3.3,East Suffolk
138250,Breckland School,IP270PE,935,Suffolk,2022-2023,566,42.8,West Suffolk
124893,Brookes UK,IP286QJ,935,Suffolk,2022-2023,144,1.8,West Suffolk
136998,Bungay High School,NR351RW,935,Suffolk,2022-2023,946,45.1,East Suffolk
136990,Bury St Edmunds County High School,IP326RF,935,Suffolk,2022-2023,659,46.4,West Suffolk
138162,Castle Manor Academy,CB99JE,935,Suffolk,2022-2023,732,43.8,West Suffolk
124890,Centre Academy East Anglia,IP77QR,935,Suffolk,2022-2023,59,44.6,Babergh
138373,Chantry Academy,IP29LR,935,Suffolk,2022-2023,934,34.6,Ipswich
139732,Churchill Special Free School,CB90LB,935,Suffolk,2022-2023,69,23.5,West Suffolk
144214,Claydon High School,IP60EG,935,Suffolk,2022-2023,774,45.6,Mid Suffolk
136827,Copleston High School,IP45HD,935,Suffolk,2022-2023,1887,51,Ipswich
124886,Culford School,IP44SN,935,Suffolk,2022-2023,848,32.3,Ipswich
136416,Debenham High School,IP146BL,935,Suffolk,2022-2023,681,55.6,Mid Suffolk
137218,East Bergholt High School,CO76RJ,935,Suffolk,2022-2023,900,44.9,Babergh
137134,East Point Academy,NR330UQ,935,Suffolk,2022-2023,866,44.9,East Suffolk
136834,Farlingaye High School,IP124JX,935,Suffolk,2022-2023,1923,48.1,East Suffolk
124899,Felixstowe International College,IP117NA,935,Suffolk,2022-2023,30,22.2,East Suffolk
137321,Felixstowe School,IP119QR,935,Suffolk,2022-2023,1228,39.1,East Suffolk
124892,Finborough School,IP143EF,935,Suffolk,2022-2023,680,43.4,Mid Suffolk
124884,Framlingham College,IP139EY,935,Suffolk,2022-2023,578,6.7,East Suffolk
136918,Hadleigh High School,IP75HU,935,Suffolk,2022-2023,763,46.3,Babergh
136271,Hartismere School,IP237BL,935,Suffolk,2022-2023,1048,52.5,Mid Suffolk
137208,Holbrook Academy,IP92QX,935,Suffolk,2022-2023,586,43.3,Babergh
136453,Ipswich Academy,IP30SP,935,Suffolk,2022-2023,1001,34.7,Ipswich
124888,Ipswich High School,IP91AZ,935,Suffolk,2022-2023,498,44.5,Babergh
124881,Ipswich School,IP13SG,935,Suffolk,2022-2023,1145,69.1,Ipswich
136969,Kesgrave High School,IP52PB,935,Suffolk,2022-2023,1875,47.9,East Suffolk
124856,King Edward VI CEVC School,IP333BH,935,Suffolk,2022-2023,1196,45.3,West Suffolk
139867,Mildenhall College Academy,IP287JX,935,Suffolk,2022-2023,1311,42,West Suffolk
146332,New Skill Centre,IP39QR,935,Suffolk,2022-2023,45,8.3,Ipswich
140669,Newmarket Academy,CB80EB,935,Suffolk,2022-2023,836,40.9,West Suffolk
124840,Northgate High School,IP43DL,935,Suffolk,2022-2023,1732,49.6,Ipswich
127003,On Track Education Mildenhall,IP287RD,935,Suffolk,2022-2023,27,6.9,West Suffolk
134480,OneSchool Global UK Colchester Campus,CO64RW,935,Suffolk,2022-2023,133,59,Babergh
139403,Ormiston Denes Academy,NR324AH,935,Suffolk,2022-2023,753,36.2,East Suffolk
137674,Ormiston Endeavour Academy,IP16SG,935,Suffolk,2022-2023,557,35.6,Ipswich
138506,Ormiston Sudbury Academy,CO101NW,935,Suffolk,2022-2023,703,35.8,Babergh
146909,Pakefield High School,NR337AQ,935,Suffolk,2022-2023,687,36.1,East Suffolk
137433,Priory School,IP327BH,935,Suffolk,2022-2023,215,0.2,West Suffolk
124889,Royal Hospital School,IP92RX,935,Suffolk,2022-2023,686,55.1,Babergh
137849,St Alban's Catholic High School,IP43NJ,935,Suffolk,2022-2023,1023,47.7,Ipswich
149285,St Benedict's Catholic School,IP326RH,935,Suffolk,2022-2023,950,53.2,West Suffolk
124868,Saint Felix School,IP186SD,935,Suffolk,2022-2023,279,41.9,East Suffolk
124883,St Joseph's College,IP29DR,935,Suffolk,2022-2023,594,52.2,Ipswich
136322,Samuel Ward Academy,CB90LD,935,Suffolk,2022-2023,1219,44.6,West Suffolk
138274,Set Beccles School,NR347BQ,935,Suffolk,2022-2023,288,28.4,East Suffolk
140047,Set Ixworth School,IP312HS,935,Suffolk,2022-2023,482,40.5,West Suffolk
138273,Set Saxmundham School,IP171DZ,935,Suffolk,2022-2023,222,30.1,East Suffolk
147849,Sir Bobby Robson School,IP39FA,935,Suffolk,2022-2023,65,0.3,Ipswich
137055,Sir John Leman High School,NR349PG,935,Suffolk,2022-2023,1391,48,East Suffolk
124865,Stoke College,CO108JE,935,Suffolk,2022-2023,150,31.1,West Suffolk
140032,Stoke High School - Ormiston Academy,IP28PL,935,Suffolk,2022-2023,742,36.7,Ipswich
136757,Stour Valley Community School,CO108PJ,935,Suffolk,2022-2023,586,47.6,West Suffolk
145055,Stowmarket High School,IP141QR,935,Suffolk,2022-2023,872,43,Mid Suffolk
143362,Stowupland High School,IP144BQ,935,Suffolk,2022-2023,1003,40,Mid Suffolk
137901,Stradbroke High School,IP215JN,935,Suffolk,2022-2023,355,51.8,Mid Suffolk
124870,Summerhill School,IP164HY,935,Suffolk,2022-2023,62,12.4,East Suffolk
149151,Sunrise Academy,NR338AX,935,Suffolk,2022-2023,41,2,East Suffolk
140969,Sybil Andrews Academy,IP327QB,935,Suffolk,2022-2023,682,42.5,West Suffolk
141639,Thomas Gainsborough School,CO100NH,935,Suffolk,2022-2023,1576,50.3,Babergh
136782,Thomas Mills High School,IP139HE,935,Suffolk,2022-2023,1092,48.2,East Suffolk
124802,Thurston Community College,IP313PB,935,Suffolk,2022-2023,1570,45.8,Mid Suffolk
139288,Westbourne Academy,IP15JN,935,Suffolk,2022-2023,1027,40,Ipswich
124887,Woodbridge School,IP124JH,935,Suffolk,2022-2023,745,39.7,East Suffolk
141236,Alde Valley Academy,IP164BG,935,Suffolk,2023-2024,643,40.6,East Suffolk
137459,The Ashley School,NR324EU,935,Suffolk,2023-2024,167,0.8,East Suffolk
138274,Beccles High School,NR347BQ,935,Suffolk,2023-2024,288,30.9,East Suffolk
142759,Benjamin Britten Academy of Music and Mathematics,NR324PZ,935,Suffolk,2023-2024,1259,46.4,East Suffolk
124879,Bramfield House School,IP199AB,935,Suffolk,2023-2024,111,9.4,East Suffolk
138250,Breckland School,IP270PE,935,Suffolk,2023-2024,607,38,West Suffolk
124893,Brookes UK,IP286QJ,935,Suffolk,2023-2024,158,4.8,West Suffolk
136998,Bungay High School,NR351RW,935,Suffolk,2023-2024,985,46,East Suffolk
136990,Bury St Edmunds County High School,IP326RF,935,Suffolk,2023-2024,855,46.2,West Suffolk
148541,Castle EAST School,NR351JS,935,Suffolk,2023-2024,78,19.1,East Suffolk
138162,Castle Manor Academy,CB99JE,935,Suffolk,2023-2024,751,41.1,West Suffolk
124890,Centre Academy East Anglia,IP77QR,935,Suffolk,2023-2024,72,7.6,Babergh
138373,Chantry Academy,IP29LR,935,Suffolk,2023-2024,950,35.5,Ipswich
139732,Churchill Special Free School,CB90LB,935,Suffolk,2023-2024,70,25.9,West Suffolk
144214,Claydon High School,IP60EG,935,Suffolk,2023-2024,768,44.1,Mid Suffolk
136827,Copleston High School,IP45HD,935,Suffolk,2023-2024,1936,49.2,Ipswich
124886,Culford School,IP286TX,935,Suffolk,2023-2024,877,28.2,West Suffolk
136416,Debenham High School,IP146BL,935,Suffolk,2023-2024,687,55.4,Mid Suffolk
137218,East Bergholt High School,CO76RJ,935,Suffolk,2023-2024,893,47.4,Babergh
137134,East Point Academy,NR330UQ,935,Suffolk,2023-2024,865,41.6,East Suffolk
136834,Farlingaye High School,IP124JX,935,Suffolk,2023-2024,1912,45.5,East Suffolk
137321,Felixstowe School,IP119QR,935,Suffolk,2023-2024,1245,35.8,East Suffolk
124892,Finborough School,IP143EF,935,Suffolk,2023-2024,659,37,Mid Suffolk
124884,Framlingham College,IP139EY,935,Suffolk,2023-2024,579,47.2,East Suffolk
136918,Hadleigh High School,IP75HU,935,Suffolk,2023-2024,769,44.6,Babergh
136271,Hartismere School,IP237BL,935,Suffolk,2023-2024,1063,51.5,Mid Suffolk
137208,Holbrook Academy,IP92QX,935,Suffolk,2023-2024,580,38.4,Babergh
136453,Ipswich Academy,IP30SP,935,Suffolk,2023-2024,1044,35.7,Ipswich
124888,Ipswich High School,IP91AZ,935,Suffolk,2023-2024,539,40.6,Babergh
124881,Ipswich School,IP13SG,935,Suffolk,2023-2024,1110,70.5,Ipswich
140047,Ixworth High School,IP312HS,935,Suffolk,2023-2024,528,36.4,West Suffolk
136969,Kesgrave High School,IP52PB,935,Suffolk,2023-2024,1841,50.6,East Suffolk
124856,King Edward VI CEVC School,IP333BH,935,Suffolk,2023-2024,1197,42.9,West Suffolk
139867,Mildenhall College Academy,IP287JX,935,Suffolk,2023-2024,1330,39.8,West Suffolk
146332,New Skill Centre,IP39QR,935,Suffolk,2023-2024,59,6.2,Ipswich
140669,Newmarket Academy,CB80EB,935,Suffolk,2023-2024,831,42.5,West Suffolk
124840,Northgate High School,IP43DL,935,Suffolk,2023-2024,1708,51.2,Ipswich
127003,On Track Education Mildenhall,IP287RD,935,Suffolk,2023-2024,32,6.2,West Suffolk
134480,OneSchool Global UK Colchester Campus,CO64RW,935,Suffolk,2023-2024,126,51.8,Babergh
139403,Ormiston Denes Academy,NR324AH,935,Suffolk,2023-2024,767,35.7,East Suffolk
137674,Ormiston Endeavour Academy,IP16SG,935,Suffolk,2023-2024,679,38.9,Ipswich
138506,Ormiston Sudbury Academy,CO101NW,935,Suffolk,2023-2024,692,41.3,Babergh
146909,Pakefield High School,NR337AQ,935,Suffolk,2023-2024,687,39.1,East Suffolk
137433,Priory School,IP327BH,935,Suffolk,2023-2024,207,0.9,West Suffolk
124889,Royal Hospital School,IP92RX,935,Suffolk,2023-2024,611,60.5,Babergh
137849,St Alban's Catholic High School,IP43NJ,935,Suffolk,2023-2024,1016,48.9,Ipswich
149285,St Benedict's Catholic School,IP326RH,935,Suffolk,2023-2024,976,51.1,West Suffolk
124868,Saint Felix School,IP186SD,935,Suffolk,2023-2024,230,42.6,East Suffolk
124883,St Joseph's College,IP29DR,935,Suffolk,2023-2024,594,46,Ipswich
136322,Samuel Ward Academy,CB90LD,935,Suffolk,2023-2024,1176,43.2,West Suffolk
138273,Set Saxmundham School,IP171DZ,935,Suffolk,2023-2024,109,32,East Suffolk
147849,Sir Bobby Robson School,IP39FA,935,Suffolk,2023-2024,64,1.6,Ipswich
137055,Sir John Leman High School,NR349PG,935,Suffolk,2023-2024,1443,46.1,East Suffolk
124865,Stoke College,CO108JE,935,Suffolk,2023-2024,119,35.8,West Suffolk
140032,Stoke High School - Ormiston Academy,IP28PL,935,Suffolk,2023-2024,783,32.7,Ipswich
136757,Stour Valley Community School,CO108PJ,935,Suffolk,2023-2024,579,47.4,West Suffolk
145055,Stowmarket High School,IP141QR,935,Suffolk,2023-2024,901,45.4,Mid Suffolk
143362,Stowupland High School,IP144BQ,935,Suffolk,2023-2024,1008,43.4,Mid Suffolk
137901,Stradbroke High School,IP215JN,935,Suffolk,2023-2024,353,45.9,Mid Suffolk
149151,Sunrise Academy,NR338AX,935,Suffolk,2023-2024,39,0.8,East Suffolk
140969,Sybil Andrews Academy,IP327QB,935,Suffolk,2023-2024,639,47.5,West Suffolk
141639,Thomas Gainsborough School,CO100NH,935,Suffolk,2023-2024,1584,48.4,Babergh
136782,Thomas Mills High School & Sixth Form,IP139HE,935,Suffolk,2023-2024,1030,48.8,East Suffolk
124802,Thurston Community College,IP313PB,935,Suffolk,2023-2024,1499,44.4,Mid Suffolk
139288,Westbourne Academy,IP15JN,935,Suffolk,2023-2024,1068,41.6,Ipswich
148058,Wetheringsett Manor School,IP145QX,935,Suffolk,2023-2024,62,13.4,Mid Suffolk
124887,Woodbridge School,IP124JH,935,Suffolk,2023-2024,761,40.1,East Suffolk
141236,Alde Valley Academy,IP164BG,935,Suffolk,2024-2025,674,33.7,East Suffolk
137459,The Ashley School,NR324EU,935,Suffolk,2024-2025,189,0.6,East Suffolk
138274,Beccles High School,NR347BQ,935,Suffolk,2024-2025,238,27.6,East Suffolk
142759,Benjamin Britten Academy of Music and Mathematics,NR324PZ,935,Suffolk,2024-2025,1262,44.9,East Suffolk
124879,Bramfield House School,IP199AB,935,Suffolk,2024-2025,116,3.3,East Suffolk
138250,Breckland School,IP270PE,935,Suffolk,2024-2025,613,42.4,West Suffolk
136998,Bungay High School,NR351RW,935,Suffolk,2024-2025,996,41.7,East Suffolk
136990,Bury St Edmunds County High School,IP326RF,935,Suffolk,2024-2025,739,49.8,West Suffolk
148541,Castle EAST School,NR351JS,935,Suffolk,2024-2025,120,9,East Suffolk
138162,Castle Manor Academy,CB99JE,935,Suffolk,2024-2025,757,40.3,West Suffolk
124890,Centre Academy East Anglia,IP77QR,935,Suffolk,2024-2025,83,10.7,Babergh
138373,Chantry Academy,IP29LR,935,Suffolk,2024-2025,984,33.9,Ipswich
139732,Churchill Special Free School,CB90LB,935,Suffolk,2024-2025,71,34.1,West Suffolk
144214,Claydon High School,IP60EG,935,Suffolk,2024-2025,771,45,Mid Suffolk
136827,Copleston High School,IP45HD,935,Suffolk,2024-2025,1937,46.9,Ipswich
124886,Culford School,IP286TX,935,Suffolk,2024-2025,895,31.3,West Suffolk
136416,Debenham High School,IP146BL,935,Suffolk,2024-2025,699,55.7,Mid Suffolk
137218,East Bergholt High School,CO76RJ,935,Suffolk,2024-2025,894,47.8,Babergh
137134,East Point Academy,NR330UQ,935,Suffolk,2024-2025,826,39.5,East Suffolk
136834,Farlingaye High School,IP124JX,935,Suffolk,2024-2025,1883,43.8,East Suffolk
137321,Felixstowe School,IP119QR,935,Suffolk,2024-2025,1211,38.5,East Suffolk
124892,Finborough School,IP143EF,935,Suffolk,2024-2025,680,37.5,Mid Suffolk
124884,Framlingham College,IP139EY,935,Suffolk,2024-2025,557,43.5,East Suffolk
136918,Hadleigh High School,IP75HU,935,Suffolk,2024-2025,731,43.6,Babergh
136271,Hartismere School,IP237BL,935,Suffolk,2024-2025,1051,53,Mid Suffolk
137208,Holbrook Academy,IP92QX,935,Suffolk,2024-2025,593,41.2,Babergh
136453,Ipswich Academy,IP30SP,935,Suffolk,2024-2025,1006,37.6,Ipswich
124888,Ipswich High School,IP91AZ,935,Suffolk,2024-2025,534,48.6,Babergh
124881,Ipswich School,IP13SG,935,Suffolk,2024-2025,1132,68.1,Ipswich
140047,Ixworth High School,IP312HS,935,Suffolk,2024-2025,547,44,West Suffolk
136969,Kesgrave High School,IP52PB,935,Suffolk,2024-2025,1858,49.7,East Suffolk
124856,King Edward VI CEVC School,IP333BH,935,Suffolk,2024-2025,1199,45.4,West Suffolk
135689,The Meadows Montessori School,IP16AR,935,Suffolk,2024-2025,68,41.1,Ipswich
139867,Mildenhall College Academy,IP287JX,935,Suffolk,2024-2025,1338,37.4,West Suffolk
146332,New Skill Centre,IP39QR,935,Suffolk,2024-2025,60,10.9,Ipswich
140669,Newmarket Academy,CB80EB,935,Suffolk,2024-2025,813,45.9,West Suffolk
124840,Northgate High School,IP43DL,935,Suffolk,2024-2025,1709,50.6,Ipswich
127003,On Track Education Mildenhall,IP287RD,935,Suffolk,2024-2025,43,3.7,West Suffolk
134480,OneSchool Global UK Colchester Campus,CO64RW,935,Suffolk,2024-2025,131,58.2,Babergh
139403,Ormiston Denes Academy,NR324AH,935,Suffolk,2024-2025,730,40.5,East Suffolk
137674,Ormiston Endeavour Academy,IP16SG,935,Suffolk,2024-2025,739,42.8,Ipswich
138506,Ormiston Sudbury Academy,CO101NW,935,Suffolk,2024-2025,679,39.6,Babergh
146909,Pakefield High School,NR337AQ,935,Suffolk,2024-2025,701,38.4,East Suffolk
137433,Priory School,IP327BH,935,Suffolk,2024-2025,224,0.1,West Suffolk
124889,Royal Hospital School,IP92RX,935,Suffolk,2024-2025,545,50.9,Babergh
143911,The Ryes College,CO105NA,935,Suffolk,2024-2025,29,3.8,Babergh
137849,St Alban's Catholic High School,IP43NJ,935,Suffolk,2024-2025,996,46.9,Ipswich
149285,St Benedict's Catholic School,IP326RH,935,Suffolk,2024-2025,976,49.8,West Suffolk
124868,Saint Felix School,IP186SD,935,Suffolk,2024-2025,244,41.1,East Suffolk
124883,St Joseph's College,IP29DR,935,Suffolk,2024-2025,577,54.7,Ipswich
136322,Samuel Ward Academy,CB90LD,935,Suffolk,2024-2025,1152,43.8,West Suffolk
147849,Sir Bobby Robson School,IP39FA,935,Suffolk,2024-2025,66,2,Ipswich
137055,Sir John Leman High School,NR349PG,935,Suffolk,2024-2025,1439,44.8,East Suffolk
149108,Sir Peter Hall School,IP327PJ,935,Suffolk,2024-2025,56,1,West Suffolk
124865,Stoke College,CO108JE,935,Suffolk,2024-2025,104,36.2,West Suffolk
140032,Stoke High School - Ormiston Academy,IP28PL,935,Suffolk,2024-2025,790,34.3,Ipswich
141407,Stone Lodge Academy,IP29HW,935,Suffolk,2024-2025,173,0.4,Ipswich
136757,Stour Valley Community School,CO108PJ,935,Suffolk,2024-2025,569,44.5,West Suffolk
145055,Stowmarket High School,IP141QR,935,Suffolk,2024-2025,896,40.5,Mid Suffolk
151384,Stowupland High School,IP144BQ,935,Suffolk,2024-2025,897,41.1,Mid Suffolk
137901,Stradbroke High School,IP215JN,935,Suffolk,2024-2025,339,44.3,Mid Suffolk
149151,Sunrise Academy,NR338AX,935,Suffolk,2024-2025,44,2.5,East Suffolk
140969,Sybil Andrews Academy,IP327QB,935,Suffolk,2024-2025,627,49.5,West Suffolk
141639,Thomas Gainsborough School,CO100NH,935,Suffolk,2024-2025,1615,46.1,Babergh
136782,Thomas Mills High School & Sixth Form,IP139HE,935,Suffolk,2024-2025,1001,48.4,East Suffolk
124802,Thurston Community College,IP313PB,935,Suffolk,2024-2025,1484,46.9,Mid Suffolk
139288,Westbourne Academy,IP15JN,935,Suffolk,2024-2025,1038,39.7,Ipswich
148058,Wetheringsett Manor School,IP145QX,935,Suffolk,2024-2025,98,12.6,Mid Suffolk
149072,Woodbridge Road Academy,IP42EB,935,Suffolk,2024-2025,75,12.8,Ipswich
124887,Woodbridge School,IP124JH,935,Suffolk,2024-2025,739,40.4,East Suffolk
